,p_val,avg_logFC,pct.1,pct.2,p_val_adj,gene
FBgn0013733,0,3.229872949,0.999,0.911,0,shot
FBgn0038682,0,3.069847552,0.996,0.887,0,CG5835
FBgn0003888,0,3.056430439,1,0.986,0,betaTub60D
FBgn0030396,0,2.9862587,0.996,0.851,0,CG2556
FBgn0010424,0,2.968731267,0.98,0.695,0,TpnC73F
FBgn0015872,0,2.92407806,0.994,0.868,0,Drip
FBgn0032897,0,2.897206322,0.986,0.844,0,CG9336
FBgn0034005,0,2.887436021,0.997,0.902,0,ItgaPS4
FBgn0032422,0,2.885967972,1,0.969,0,atilla
FBgn0030040,0,2.864709373,1,0.973,0,CG15347
FBgn0032886,0,2.831003305,0.995,0.879,0,CG9328
FBgn0266253,0,2.82511046,0.994,0.915,0,CR44948
FBgn0037386,0,2.734407185,1,0.987,0,CG1208
FBgn0037477,0,2.670935124,0.991,0.894,0,CG14610
FBgn0003886,0,2.664550033,1,0.998,0,alphaTub85E
FBgn0029932,0,2.659721793,0.973,0.762,0,CG4607
FBgn0263380,0,2.658411708,0.994,0.917,0,CR43432
FBgn0035498,0,2.622772123,0.999,0.941,0,Fit1
FBgn0085359,0,2.592479865,0.98,0.864,0,CG34330
FBgn0264895,0,2.511464606,0.999,0.917,0,RapGAP1
FBgn0001092,0,2.450090638,0.997,0.902,0,Gapdh2
FBgn0041087,0,2.419976485,0.993,0.881,0,wun2
FBgn0033504,0,2.414217501,0.979,0.828,0,CAP
FBgn0261363,0,2.405876814,0.992,0.91,0,PPO3
FBgn0053225,0,2.397784449,1,0.967,0,CG33225
FBgn0032318,0,2.383689032,0.902,0.785,0,CG14072
FBgn0261561,0,2.376041039,0.987,0.878,0,CG42675
FBgn0003218,0,2.285684422,0.976,0.773,0,rdgB
FBgn0034219,0,2.25001094,0.997,0.905,0,mthl4
FBgn0051729,0,2.224542932,0.993,0.827,0,CG31729
FBgn0004636,0,2.199469319,0.999,0.969,0,Rap1
FBgn0035708,0,2.157830305,0.989,0.833,0,CG8398
FBgn0050035,0,2.132360814,0.963,0.854,0,Tret1-1
FBgn0051363,0,2.122331635,1,0.986,0,Jupiter
FBgn0040296,0,2.11193622,0.929,0.691,0,Ocho
FBgn0014141,0,2.083931796,1,0.971,0,cher
FBgn0260442,0,2.070413295,1,0.966,0,rhea
FBgn0032400,0,2.06658378,0.968,0.864,0,CG6770
FBgn0031080,0,2.050899321,0.963,0.843,0,CG12655
FBgn0036742,0,2.006552119,0.961,0.809,0,CG7497
FBgn0038088,0,2.005766827,0.985,0.876,0,CG10126
FBgn0003748,0,1.985533892,0.986,0.922,0,Treh
FBgn0015589,0,1.983097733,0.969,0.834,0,Apc
FBgn0027066,0,1.978287502,0.999,0.961,0,Eb1
FBgn0004657,0,1.977742752,0.999,0.951,0,mys
FBgn0053056,0,1.977602391,0.971,0.839,0,CG33056
FBgn0261260,0,1.956478103,0.948,0.758,0,mgl
FBgn0029903,0,1.953246049,0.995,0.877,0,pod1
FBgn0028916,0,1.940425495,0.949,0.767,0,CG33090
FBgn0031791,0,1.940196829,0.926,0.771,0,AANATL2
FBgn0265413,0,1.938059787,0.997,0.929,0,CG44325
FBgn0086347,0,1.923534861,0.997,0.904,0,Myo31DF
FBgn0001987,0,1.921467793,0.953,0.805,0,Gli
FBgn0042135,0,1.917414391,0.969,0.803,0,CG18812
FBgn0026602,0,1.916816188,0.972,0.843,0,Ady43A
FBgn0027657,0,1.88493148,0.969,0.849,0,glob1
FBgn0000256,0,1.883941762,0.986,0.856,0,capu
FBgn0016672,0,1.873655509,0.965,0.818,0,Ipp
FBgn0015229,0,1.869598699,0.953,0.72,0,glec
FBgn0004397,0,1.861232056,0.981,0.869,0,Vinc
FBgn0003890,0,1.839299311,0.989,0.875,0,betaTub97EF
FBgn0010397,0,1.835664016,0.999,0.916,0,LamC
FBgn0261261,0,1.821631567,0.935,0.815,0,plx
FBgn0031307,0,1.785719237,0.967,0.856,0,MFS3
FBgn0038206,0,1.771298646,0.98,0.868,0,twf
FBgn0040551,0,1.768035546,0.983,0.899,0,CG11686
FBgn0026084,0,1.76147704,1,0.996,0,cib
FBgn0033448,0,1.760987768,0.963,0.837,0,hebe
FBgn0001258,0,1.76069787,0.889,0.661,0,ImpL3
FBgn0259228,0,1.750819587,0.982,0.85,0,C3G
FBgn0026189,0,1.737868186,0.992,0.883,0,prominin-like
FBgn0029507,0,1.708603344,0.979,0.872,0,Tsp42Ed
FBgn0031213,0,1.703969111,0.971,0.859,0,galectin
FBgn0030412,0,1.703787285,0.935,0.684,0,Tomosyn
FBgn0022709,0,1.667835832,0.935,0.783,0,Adk1
FBgn0086355,0,1.656012879,0.959,0.778,0,Tpi
FBgn0039747,0,1.652549507,0.91,0.803,0,AdoR
FBgn0038679,0,1.650337921,0.95,0.816,0,CG6040
FBgn0000253,0,1.637075741,1,1,0,Cam
FBgn0034443,0,1.632049911,0.999,0.977,0,cer
FBgn0031150,0,1.624556584,0.926,0.78,0,bves
FBgn0024238,0,1.623671768,0.993,0.934,0,Fim
FBgn0043070,0,1.59861253,0.995,0.912,0,MESK2
FBgn0032857,0,1.593144968,0.903,0.757,0,CG10947
FBgn0032140,0,1.587247497,0.998,0.94,0,CG13117
FBgn0026374,0,1.586728017,0.949,0.811,0,Rhp
FBgn0003447,0,1.584365608,0.938,0.731,0,sn
FBgn0004456,0,1.581112575,0.97,0.838,0,mew
FBgn0085452,0,1.563899794,0.967,0.885,0,CG34423
FBgn0033033,0,1.559840676,0.916,0.832,0,scaf
FBgn0052412,0,1.556620893,0.959,0.854,0,QC
FBgn0037720,0,1.54534362,0.957,0.822,0,CG8312
FBgn0033926,0,1.540906354,0.999,0.976,0,Arc1
FBgn0024150,0,1.534810866,0.946,0.806,0,Ac78C
FBgn0034720,0,1.51157174,0.91,0.697,0,Liprin-gamma
FBgn0265991,0,1.483630684,0.972,0.863,0,Zasp52
FBgn0028984,0,1.481003316,0.972,0.852,0,Spn88Ea
FBgn0014011,0,1.462153318,0.996,0.95,0,Rac2
FBgn0263346,0,1.459728834,0.906,0.744,0,CG43427
FBgn0028427,0,1.45777676,0.991,0.912,0,Ilk
FBgn0020304,0,1.454098981,0.958,0.824,0,drongo
FBgn0259977,0,1.451192299,0.928,0.774,0,Tdc1
FBgn0020251,0,1.450404389,0.885,0.76,0,sfl
FBgn0000042,0,1.443188242,1,1,0,Act5C
FBgn0262582,0,1.43665539,0.957,0.752,0,cic
FBgn0029095,0,1.435077069,0.992,0.907,0,aru
FBgn0283712,0,1.425851867,0.92,0.723,0,LIMK1
FBgn0263930,0,1.415767758,0.873,0.663,0,dally
FBgn0031090,0,1.412202369,0.98,0.86,0,Rab35
FBgn0014869,0,1.408449076,0.952,0.785,0,Pglym78
FBgn0033188,0,1.402065434,0.931,0.83,0,Drat
FBgn0010395,0,1.398278066,0.921,0.777,0,Itgbn
FBgn0266417,0,1.393913169,0.959,0.81,0,CG45057
FBgn0263077,0,1.349194977,0.935,0.828,0,CG43340
FBgn0036752,0,1.345923611,0.935,0.843,0,Adgf-A
FBgn0019968,0,1.33922248,0.924,0.77,0,Khc-73
FBgn0035964,0,1.333106184,0.922,0.772,0,Dhpr
FBgn0034894,0,1.330562627,0.975,0.887,0,sigmar
FBgn0259243,0,1.329207658,0.933,0.724,0,Pka-R1
FBgn0034638,0,1.326752677,0.906,0.767,0,CG10433
FBgn0052672,0,1.32245739,0.99,0.929,0,Atg8a
FBgn0015795,0,1.322401424,0.986,0.902,0,Rab7
FBgn0032010,0,1.314619002,0.915,0.765,0,CG8086
FBgn0085354,0,1.297978197,0.883,0.7,0,CG34325
FBgn0003206,0,1.294189588,0.954,0.818,0,Ras64B
FBgn0000318,0,1.286652528,0.974,0.886,0,cl
FBgn0262160,0,1.280678004,0.962,0.813,0,CG9932
FBgn0000723,0,1.280357406,0.963,0.854,0,FER
FBgn0028546,0,1.277257212,0.972,0.867,0,ics
FBgn0035587,0,1.275016261,0.881,0.665,0,Gdap1
FBgn0030847,0,1.270597579,0.903,0.642,0,CG12991
FBgn0015765,0,1.266832078,0.959,0.878,0,p38a
FBgn0033446,0,1.265935846,0.984,0.894,0,CG1648
FBgn0259481,0,1.265639429,0.966,0.835,0,Mob2
FBgn0029131,0,1.259557113,0.972,0.868,0,Debcl
FBgn0012051,0,1.252635964,0.965,0.856,0,CalpA
FBgn0000579,0,1.250409579,0.989,0.891,0,Eno
FBgn0014133,0,1.241818967,0.979,0.877,0,bif
FBgn0001105,0,1.240007036,1,0.984,0,Gbeta13F
FBgn0025628,0,1.231474803,0.932,0.851,0,CG4199
FBgn0265191,0,1.228564594,0.911,0.699,0,Glycogenin
FBgn0000083,0,1.225309607,1,0.996,0,AnxB9
FBgn0053494,0,1.224183151,0.997,0.961,0,CG33494
FBgn0040206,0,1.220187874,0.937,0.803,0,krz
FBgn0037468,0,1.219843096,0.985,0.917,0,CG1943
FBgn0031457,0,1.217660818,0.91,0.82,0,CG3077
FBgn0039108,0,1.20447562,0.917,0.754,0,CG10232
FBgn0261565,0,1.201596909,0.861,0.697,0,Lmpt
FBgn0041789,0,1.194680503,0.958,0.833,0,Pax
FBgn0266719,0,1.192966758,0.888,0.777,0,stac
FBgn0032191,0,1.182479385,0.972,0.91,0,CG5734
FBgn0035539,0,1.167708877,0.926,0.829,0,slow
FBgn0030670,0,1.16601607,0.934,0.782,0,Pis
FBgn0028490,0,1.165772025,0.974,0.885,0,CG31705
FBgn0033906,0,1.158797874,0.991,0.899,0,CG8331
FBgn0262563,0,1.157428398,0.896,0.686,0,CG43103
FBgn0040285,0,1.157090639,0.984,0.916,0,Scamp
FBgn0036341,0,1.155085253,0.916,0.804,0,Syx13
FBgn0014029,0,1.143181327,0.98,0.888,0,Sep-02
FBgn0050460,0,1.14285865,0.849,0.683,0,CG30460
FBgn0038890,0,1.142624329,0.933,0.811,0,CG7956
FBgn0050115,0,1.138441587,0.914,0.754,0,GEFmeso
FBgn0264693,0,1.131913898,0.918,0.752,0,ens
FBgn0032499,0,1.131547473,0.908,0.752,0,Uvrag
FBgn0036877,0,1.119597837,0.863,0.731,0,CG9452
FBgn0033032,0,1.111934651,0.854,0.767,0,kune
FBgn0052528,0,1.108076772,0.943,0.828,0,parvin
FBgn0035400,0,1.103089949,0.921,0.716,0,CG11537
FBgn0003660,0,1.102086487,0.998,0.951,0,Syb
FBgn0051769,0,1.100643932,0.844,0.598,0,CG31769
FBgn0036053,0,1.098295429,0.934,0.808,0,iPLA2-VIA
FBgn0032731,0,1.09797833,0.991,0.948,0,Swip-1
FBgn0259221,0,1.096824144,0.883,0.768,0,CG42321
FBgn0027580,0,1.084061171,0.849,0.594,0,PCB
FBgn0052066,0,1.067193115,0.94,0.768,0,CG32066
FBgn0020249,0,1.06687194,0.954,0.863,0,stck
FBgn0011232,0,1.066856092,0.904,0.74,0,scat
FBgn0003205,0,1.066709632,0.984,0.919,0,Ras85D
FBgn0033635,0,1.064449385,0.999,0.98,0,Prip
FBgn0047178,0,1.063234189,0.968,0.904,0,CG32147
FBgn0000636,0,1.063166316,0.85,0.772,0,Fas3
FBgn0001149,0,1.061816278,0.999,0.988,0,GstD1
FBgn0030114,0,1.060083015,0.908,0.708,0,CG17754
FBgn0037750,0,1.058111067,0.89,0.767,0,Whamy
FBgn0052264,0,1.048577038,0.871,0.623,0,CG32264
FBgn0263118,0,1.045493008,0.916,0.805,0,tx
FBgn0261244,0,1.040020176,0.878,0.729,0,inaE
FBgn0040299,0,1.038508908,0.861,0.798,0,Myo28B1
FBgn0003093,0,1.036474768,0.904,0.757,0,Pkc98E
FBgn0267487,0,1.034038139,0.918,0.784,0,Ptp61F
FBgn0261988,0,1.033422334,0.899,0.716,0,Gprk2
FBgn0035203,0,1.029920898,0.93,0.803,0,CG9149
FBgn0041188,0,1.029228533,0.946,0.825,0,Atx2
FBgn0086370,0,1.026620384,0.906,0.777,0,sra
FBgn0003884,0,1.022199739,1,0.998,0,alphaTub84B
FBgn0001941,0,1.01339404,0.98,0.91,0,ifc
FBgn0264894,0,1.012613402,0.84,0.788,0,CG44085
FBgn0262699,0,1.00941081,0.912,0.811,0,rap
FBgn0262565,0,1.004036249,0.901,0.846,0,CR43105
FBgn0266758,0,1.001581108,0.993,0.948,0,Esyt2
FBgn0035879,0,1.000563513,0.918,0.826,0,GAPcenA
FBgn0020653,0,0.99738182,0.978,0.893,0,Trxr-1
FBgn0039056,0,0.992307743,0.908,0.791,0,CenB1A
FBgn0035142,0,0.991883586,0.939,0.812,0,Hipk
FBgn0037843,0,0.982738276,0.934,0.751,0,CG4511
FBgn0036663,0,0.982392404,0.892,0.825,0,CG9674
FBgn0010246,0,0.972333637,0.998,0.972,0,Myo61F
FBgn0041182,0,0.969824879,0.924,0.839,0,Tep2
FBgn0040850,0,0.969315342,0.866,0.793,0,CG15210
FBgn0030160,0,0.96867379,0.858,0.781,0,CG9691
FBgn0013765,0,0.966728387,0.919,0.838,0,cnn
FBgn0002645,0,0.963963884,0.975,0.91,0,Map205
FBgn0267795,0,0.961645498,0.999,0.972,0,Frl
FBgn0001091,0,0.954095679,0.955,0.881,0,Gapdh1
FBgn0014009,0,0.952642129,0.953,0.844,0,Rab2
FBgn0035497,0,0.952131456,0.874,0.716,0,CG14995
FBgn0033309,0,0.95167157,0.92,0.786,0,CG8735
FBgn0004387,0,0.942762896,0.896,0.816,0,Klp98A
FBgn0265174,0,0.939813176,0.912,0.789,0,PIG-V
FBgn0036805,0,0.933832674,0.963,0.886,0,Chmp1
FBgn0004574,0,0.930470105,0.948,0.793,0,Rop
FBgn0011817,0,0.928355039,0.918,0.744,0,nmo
FBgn0039026,0,0.926888897,0.899,0.747,0,CG7029
FBgn0037387,0,0.924099311,0.795,0.701,0,CG1213
FBgn0051195,0,0.920666614,0.86,0.687,0,CG31195
FBgn0039113,0,0.91929137,0.875,0.656,0,CG10217
FBgn0053111,0,0.914562684,0.912,0.79,0,CG33111
FBgn0266410,0,0.913405845,0.991,0.923,0,CG45050
FBgn0261458,0,0.912170223,1,0.983,0,capt
FBgn0259923,0,0.910334279,0.826,0.733,0,Sep-04
FBgn0010051,0,0.909781083,0.892,0.777,0,Itp-r83A
FBgn0035896,0,0.90592506,0.892,0.711,0,CG6983
FBgn0037541,0,0.900174687,0.829,0.715,0,CG2747
FBgn0033756,0,0.895184484,0.956,0.88,0,CG17760
FBgn0034691,0,0.893533267,0.911,0.767,0,Synj
FBgn0026315,0,0.887850114,0.915,0.859,0,Ugt35a
FBgn0261545,0,0.882284468,0.827,0.65,0,CG42663
FBgn0000017,0,0.878973761,0.927,0.83,0,Abl
FBgn0029896,0,0.878630903,0.734,0.58,0,CG3168
FBgn0001961,0,0.875457151,0.996,0.979,0,Arpc1
FBgn0085421,0,0.86760884,0.887,0.799,0,Epac
FBgn0003074,0,0.86728115,0.878,0.677,0,Pgi
FBgn0267488,0,0.854651987,0.852,0.654,0,Mcr
FBgn0024321,0,0.851326849,0.837,0.693,0,NK7.1
FBgn0037063,0,0.851011699,0.886,0.741,0,CG9391
FBgn0266186,0,0.847361752,0.989,0.943,0,Vamp7
FBgn0000273,0,0.846128827,0.863,0.708,0,Pka-C1
FBgn0020510,0,0.845857434,0.939,0.833,0,Abi
FBgn0040395,0,0.843495403,0.89,0.767,0,Unc-76
FBgn0000308,0,0.840158583,1,0.99,0,chic
FBgn0003514,0,0.826567388,0.991,0.952,0,sqh
FBgn0053113,0,0.82514413,0.997,0.97,0,Rtnl1
FBgn0265375,0,0.824237015,0.946,0.89,0,CR44316
FBgn0010406,0,0.824142348,0.894,0.798,0,RNaseX25
FBgn0037956,0,0.82293842,0.763,0.695,0,CG6959
FBgn0030048,0,0.822752736,0.918,0.818,0,CG12112
FBgn0036298,0,0.821389881,0.916,0.838,0,nst
FBgn0000043,0,0.818689107,1,1,0,Act42A
FBgn0085390,0,0.810600897,0.809,0.786,0,Dgk
FBgn0085282,0,0.80955637,0.923,0.842,0,CG34253
FBgn0086372,0,0.802980062,0.913,0.773,0,lap
FBgn0053329,0,0.799832253,0.84,0.778,0,Sp212
FBgn0085442,0,0.798270353,0.884,0.824,0,NKAIN
FBgn0010894,0,0.794824525,0.832,0.697,0,sinu
FBgn0013272,0,0.790986931,0.888,0.823,0,Gp150
FBgn0038243,0,0.790842802,0.959,0.905,0,CG8066
FBgn0086694,0,0.790782755,0.856,0.688,0,Bre1
FBgn0036433,0,0.788006494,0.781,0.737,0,CG9628
FBgn0028430,0,0.785312628,0.998,0.981,0,He
FBgn0284257,0,0.78196371,0.865,0.649,0,Ttd14
FBgn0262716,0,0.780153736,0.967,0.89,0,Arp3
FBgn0035432,0,0.779290394,0.954,0.882,0,ZnT63C
FBgn0001122,0,0.776620984,0.899,0.735,0,Galphao
FBgn0267849,0,0.773301468,0.882,0.772,0,Syx7
FBgn0014906,0,0.767800439,0.916,0.747,0,Hydr2
FBgn0035603,0,0.76365959,0.922,0.841,0,Pfdn4
FBgn0264087,0,0.756527346,0.713,0.654,0,Slob
FBgn0026620,0,0.753940675,0.905,0.798,0,tacc
FBgn0037647,0,0.745541777,0.912,0.84,0,RagA-B
FBgn0034417,0,0.730156078,0.863,0.773,0,CG15117
FBgn0036449,0,0.728532031,0.862,0.744,0,bmm
FBgn0037465,0,0.725513043,0.87,0.829,0,CG1105
FBgn0030141,0,0.724514445,0.873,0.642,0,Gga
FBgn0010238,0,0.722214768,0.762,0.669,0,Lac
FBgn0046687,0,0.721156931,0.893,0.768,0,Tre1
FBgn0032156,0,0.717687827,0.874,0.805,0,CG13124
FBgn0285896,0,0.716300151,0.804,0.741,0,NA
FBgn0261570,0,0.711934958,0.86,0.786,0,CG42684
FBgn0034200,0,0.708429117,0.774,0.582,0,Gbp2
FBgn0029504,0,0.705388491,0.9,0.714,0,CHES-1-like
FBgn0025631,0,0.70268993,0.809,0.754,0,moody
FBgn0259178,0,0.700358505,0.836,0.77,0,5PtaseI
FBgn0045842,0,0.687104704,0.816,0.546,0,yuri
FBgn0040259,0,0.685312628,0.853,0.805,0,Ugt86Da
FBgn0261547,0,0.678635085,0.823,0.728,0,Exn
FBgn0263395,0,0.670958215,0.793,0.515,0,hppy
FBgn0260945,0,0.66278784,0.854,0.784,0,Atg1
FBgn0033134,0,0.660527255,0.815,0.73,0,Tsp42El
FBgn0032821,0,0.65551574,0.775,0.666,0,CdGAPr
FBgn0262733,0,0.636097488,0.828,0.671,0,Src64B
FBgn0041171,0,0.629924779,0.839,0.67,0,ago
FBgn0262477,0,0.618655009,0.794,0.646,0,FoxP
FBgn0013720,0,0.618352345,0.82,0.695,0,pck
FBgn0052296,0,0.61373094,0.833,0.626,0,Mrtf
FBgn0039844,0,0.611493539,0.796,0.747,0,CG1607
FBgn0036198,0,0.608158491,0.852,0.721,0,crim
FBgn0028552,0,0.606796686,0.852,0.744,0,gammaSnap1
FBgn0036778,0,0.60328709,0.815,0.651,0,Cyp312a1
FBgn0027508,0,0.603260884,0.849,0.647,0,Tnks
FBgn0086708,0,0.601402038,0.784,0.713,0,stv
FBgn0038098,0,0.591867341,0.775,0.674,0,CG7381
FBgn0032955,0,0.58124528,0.841,0.791,0,CG2201
FBgn0016078,0,0.577265184,0.833,0.794,0,wun
FBgn0037240,0,0.572579793,0.812,0.716,0,Cont
FBgn0037166,0,0.568191778,0.769,0.715,0,CG11426
FBgn0011661,0,0.5540713,0.997,0.987,0,Moe
FBgn0030976,0,0.546658221,0.8,0.628,0,CG7378
FBgn0052194,0,0.542895923,0.841,0.706,0,CR32194
FBgn0037167,0,0.540921277,0.657,0.559,0,CG11425
FBgn0030286,0,0.533127373,0.765,0.687,0,CG1657
FBgn0267910,0,0.507610454,1,1,0,MRE16
FBgn0036485,0,0.490099965,0.694,0.644,0,FucTA
FBgn0039075,0,0.48976801,0.713,0.646,0,CG4393
FBgn0031268,0,0.489621544,0.831,0.751,0,cold
FBgn0027844,0,0.485093506,0.72,0.682,0,CAH1
FBgn0052311,0,0.481162488,0.805,0.619,0,zormin
FBgn0037623,0,0.475605437,0.792,0.763,0,CG9801
FBgn0260005,0,0.474995256,0.722,0.741,0,wtrw
FBgn0004507,0,0.466198711,0.803,0.679,0,GlyP
FBgn0028956,0,0.457081616,0.878,0.796,0,mthl3
FBgn0028394,0,0.429181087,0.863,0.799,0,CG17834
FBgn0259736,0,0.411339501,0.733,0.727,0,CG42390
FBgn0032681,0,0.405388425,0.711,0.702,0,CG10283
FBgn0033502,0,0.400731666,0.709,0.748,0,CG12910
FBgn0265760,0,0.386483476,0.772,0.662,0,CR44567
FBgn0039155,0,0.383977811,0.668,0.725,0,Kal1
FBgn0032025,0,0.366131387,0.847,0.804,0,CG7778
FBgn0262142,0,-0.393268202,0.343,0.762,0,CR42868
FBgn0016122,0,-0.430120878,0.49,0.806,0,Acer
FBgn0023170,0,-0.478856793,1,1,0,RpL39
FBgn0085261,0,-0.634010177,0.749,0.857,0,CG34232
FBgn0050463,0,-0.746736047,0.704,0.696,0,CG30463
FBgn0085360,0,-0.765824807,0.794,0.759,0,CG34331
FBgn0285948,0,-0.777589772,0.999,0.999,0,NA
FBgn0261989,0,-0.780315112,0.82,0.765,0,CG42807
FBgn0034390,0,-0.810298319,0.783,0.8,0,CG15093
FBgn0038476,0,-0.885166446,0.743,0.739,0,kuk
FBgn0034880,0,-0.898742718,0.643,0.863,0,ItgaPS5
FBgn0039612,0,-0.899938997,0.8,0.847,0,CG14523
FBgn0003062,0,-0.924749277,0.677,0.756,0,Fib
FBgn0033548,0,-0.925065033,0.762,0.855,0,CG7637
FBgn0030234,0,-0.930436549,0.819,0.845,0,CG15211
FBgn0028331,0,-0.933552709,0.661,0.744,0,l(1)G0289
FBgn0259937,0,-0.949462073,0.765,0.789,0,Nop60B
FBgn0032078,0,-0.956525511,0.712,0.842,0,C1GalTA
FBgn0034405,0,-0.958653838,0.725,0.853,0,Jheh2
FBgn0019952,0,-0.961417561,0.774,0.868,0,Orct
FBgn0267033,0,-0.964019752,0.598,0.759,0,mamo
FBgn0001226,0,-0.972378248,0.661,0.753,0,Hsp27
FBgn0051324,0,-0.984586292,0.945,0.987,0,CG31324
FBgn0020415,0,-0.992519181,0.902,0.941,0,Idgf2
FBgn0038250,0,-0.998944836,0.754,0.813,0,CG3505
FBgn0031914,0,-1.001119573,0.716,0.839,0,CG5973
FBgn0032405,0,-1.001934513,0.758,0.846,0,firl
FBgn0261385,0,-1.016706393,0.76,0.84,0,scra
FBgn0004198,0,-1.02185634,0.786,0.854,0,ct
FBgn0034985,0,-1.040550296,0.715,0.777,0,CG3328
FBgn0004629,0,-1.044922035,0.839,0.872,0,Cys
FBgn0010470,0,-1.048139378,0.685,0.77,0,Fkbp14
FBgn0038964,0,-1.050924172,0.685,0.809,0,Nop56
FBgn0260768,0,-1.061089203,0.745,0.872,0,CG42566
FBgn0033777,0,-1.097047242,0.846,0.929,0,CG17574
FBgn0259111,0,-1.098343021,0.665,0.832,0,Ndae1
FBgn0001089,0,-1.10368649,0.778,0.837,0,Gal
FBgn0040102,0,-1.116468169,0.79,0.852,0,lectin-24Db
FBgn0259735,0,-1.11925113,0.73,0.883,0,CG42389
FBgn0000578,0,-1.127491117,0.735,0.838,0,ena
FBgn0028990,0,-1.132567753,0.766,0.886,0,Spn27A
FBgn0034139,0,-1.159600985,0.698,0.826,0,CG4927
FBgn0030521,0,-1.171552914,0.915,0.955,0,CtsB1
FBgn0262656,0,-1.184818421,0.67,0.774,0,Myc
FBgn0031327,0,-1.2055399,0.96,0.985,0,CG5397
FBgn0038826,0,-1.206921527,0.786,0.897,0,Syp
FBgn0051075,0,-1.237289659,0.778,0.864,0,CG31075
FBgn0003525,0,-1.247690935,0.584,0.724,0,stg
FBgn0086254,0,-1.253227999,0.829,0.914,0,CG6084
FBgn0039776,0,-1.269565784,0.755,0.888,0,PH4alphaEFB
FBgn0040398,0,-1.270494078,0.998,1,0,CG14629
FBgn0004362,0,-1.277429937,0.773,0.844,0,HmgD
FBgn0037913,0,-1.292620161,0.768,0.834,0,fabp
FBgn0250837,0,-1.29827306,0.761,0.846,0,dUTPase
FBgn0036891,0,-1.310792804,0.891,0.948,0,CG9372
FBgn0037228,0,-1.317975928,0.862,0.922,0,CG1092
FBgn0020414,0,-1.332773481,0.888,0.953,0,Idgf3
FBgn0011722,0,-1.353723319,0.793,0.84,0,Tig
FBgn0032006,0,-1.355847278,0.705,0.859,0,Pvr
FBgn0033153,0,-1.359199823,0.795,0.882,0,Gadd45
FBgn0025682,0,-1.359871832,0.784,0.857,0,scf
FBgn0034010,0,-1.362788975,0.863,0.889,0,CG8157
FBgn0010225,0,-1.410370048,0.844,0.912,0,Gel
FBgn0029092,0,-1.42723558,0.672,0.847,0,ced-6
FBgn0031453,0,-1.427799621,0.892,0.94,0,Bacc
FBgn0022893,0,-1.473042655,0.865,0.934,0,Df31
FBgn0041629,0,-1.520111021,0.922,0.975,0,Hexo2
FBgn0265048,0,-1.549675355,0.734,0.901,0,cv-d
FBgn0010228,0,-1.610635019,0.714,0.866,0,HmgZ
FBgn0250848,0,-1.615536387,0.865,0.96,0,26-29-p
FBgn0014388,0,-1.618644102,0.692,0.848,0,sty
FBgn0027598,0,-1.675525871,0.816,0.922,0,cindr
FBgn0243514,0,-1.695438489,0.818,0.91,0,eater
FBgn0045823,0,-1.751510042,0.948,0.991,0,vsg
FBgn0030993,0,-1.754171404,0.849,0.937,0,Mec2
FBgn0004167,0,-1.754189735,0.781,0.917,0,kst
FBgn0016075,0,-1.776325468,0.84,0.91,0,vkg
FBgn0004449,0,-1.776886526,0.715,0.881,0,Ten-m
FBgn0259740,0,-1.780641442,0.859,0.947,0,CG42394
FBgn0261628,0,-1.785278011,0.715,0.932,0,CG42711
FBgn0028542,0,-1.820562437,0.836,0.927,0,NimB4
FBgn0003495,0,-1.836189127,0.782,0.923,0,spz
FBgn0267348,0,-1.880946858,0.823,0.936,0,LanB2
FBgn0051777,0,-1.934784523,0.848,0.963,0,CG31777
FBgn0034398,0,-1.94228223,0.9,0.982,0,CG15098
FBgn0025885,0,-1.973647276,0.908,0.957,0,Inos
FBgn0034753,0,-1.987319517,0.907,0.976,0,CG2852
FBgn0085466,0,-2.020485315,0.892,0.977,0,CG34437
FBgn0040752,0,-2.026503164,0.686,0.905,0,Prosap
FBgn0030796,0,-2.057049951,0.722,0.933,0,CG4829
FBgn0035076,0,-2.074395238,0.741,0.909,0,Ance-5
FBgn0051337,0,-2.089443876,0.848,0.942,0,CG31337
FBgn0267727,0,-2.096033915,0.764,0.93,0,Pen
FBgn0002526,0,-2.114797419,0.768,0.921,0,LanA
FBgn0026721,0,-2.119902435,0.838,0.939,0,fat-spondin
FBgn0262881,0,-2.169980609,0.869,0.95,0,CG43236
FBgn0033949,0,-2.17289393,0.784,0.929,0,CG10131
FBgn0259896,0,-2.259854534,0.83,0.965,0,NimC1
FBgn0034761,0,-2.281345403,0.894,0.989,0,CG4250
FBgn0029093,0,-2.288087884,0.88,0.987,0,cathD
FBgn0013763,0,-2.30268683,0.907,0.982,0,Idgf6
FBgn0031261,0,-2.399724533,0.855,0.962,0,nAChRbeta3
FBgn0030362,0,-2.459221469,0.971,0.991,0,regucalcin
FBgn0261800,0,-2.487898425,0.823,0.962,0,LanB1
FBgn0029147,0,-2.518931707,0.891,0.977,0,NtR
FBgn0033724,0,-2.536930506,0.964,0.997,0,CG8501
FBgn0011828,0,-2.858087353,0.902,0.99,0,Pxn
FBgn0040813,0,-2.886741813,0.996,0.999,0,Nplp2
FBgn0001114,0,-2.935156877,0.908,0.988,0,Glt
FBgn0026562,0,-2.975057062,0.929,0.994,0,SPARC
FBgn0000299,0,-2.975566093,0.894,0.99,0,Col4a1
FBgn0003137,0,-2.999024061,0.944,0.995,0,Ppn
FBgn0029167,0,-3.289227502,0.945,0.998,0,Hml
FBgn0264343,9.88131291682493e-324,-0.702571802,0.653,0.778,1.97626258336499e-320,CG43799
FBgn0052594,1.97626258336499e-323,0.7466631,0.877,0.733,3.95252516672997e-320,be
FBgn0028563,2.96439387504748e-323,0.638744848,0.847,0.707,5.92878775009496e-320,sut1
FBgn0027611,1.77863632502849e-322,-0.393751273,0.74,0.535,3.55727265005698e-319,LManII
FBgn0050069,8.34970941471707e-322,0.507804307,0.641,0.49,1.66994188294341e-318,CG30069
FBgn0261556,3.3259511146741e-319,-0.906390353,0.704,0.762,6.65190222934821e-316,CG42674
FBgn0026479,3.093409237146e-318,0.662180847,0.867,0.766,6.18681847429201e-315,Drp1
FBgn0035204,9.13720064762343e-318,0.425306017,0.841,0.722,1.82744012952469e-314,CG2277
FBgn0051092,6.07361543615581e-316,-1.05042674,0.838,0.915,1.21472308723116e-312,LpR2
FBgn0015000,1.01466332337804e-315,0.656632167,0.873,0.764,2.02932664675608e-312,betaggt-I
FBgn0030400,1.26828353343598e-315,0.708218044,0.906,0.718,2.53656706687196e-312,CG11138
FBgn0031805,8.22104855460075e-315,-0.765314932,0.684,0.826,1.64420971092015e-311,CG9505
FBgn0011824,1.17178312852031e-314,-0.866936301,0.672,0.766,2.34356625704061e-311,CG4038
FBgn0259715,1.52572590039859e-313,-0.744310093,0.795,0.835,3.05145180079718e-310,CG42369
FBgn0026713,6.26039789446471e-313,0.716218081,0.876,0.686,0.00E+00,l(1)G0007
FBgn0026196,2.29376836327805e-311,-0.869911804,0.735,0.749,4.59E-308,nop5
FBgn0259173,4.28286750352838e-311,-0.762417609,0.692,0.748,8.57E-308,corn
FBgn0025641,4.50294496849448e-311,0.653517753,0.883,0.755,9.01E-308,DAAM
FBgn0036318,7.56205477532506e-311,0.725229959,0.946,0.866,1.51E-307,Wbp2
FBgn0040236,2.14796537805203e-310,0.632106178,0.856,0.786,4.30E-307,c11.1
FBgn0004647,0.00E+00,-0.848056021,0.607,0.671,2.77E-305,N
FBgn0000071,4.18E-308,-0.762632386,0.734,0.831,8.35E-305,Ama
FBgn0038877,8.32E-308,0.548467967,0.796,0.723,1.66E-304,CG3308
FBgn0036821,3.13E-307,-0.633105547,0.696,0.676,6.26E-304,CG3961
FBgn0003371,9.25E-307,0.720483258,0.952,0.834,1.85E-303,sgg
FBgn0039908,2.67E-306,0.546617974,0.769,0.67,5.34E-303,Asator
FBgn0001624,2.82E-306,0.774421673,0.89,0.706,5.63E-303,dlg1
FBgn0031374,3.04E-306,0.683317632,0.858,0.757,6.08E-303,Wdr62
FBgn0039759,1.12E-305,0.963827823,0.811,0.727,2.25E-302,CG9733
FBgn0283741,6.18E-305,0.694617537,0.824,0.772,1.24E-301,prage
FBgn0000084,1.91E-303,0.681239901,0.863,0.711,3.81E-300,AnxB10
FBgn0050389,3.18E-303,0.578824642,0.841,0.765,6.36E-300,CG30389
FBgn0037680,1.17E-302,0.529022222,0.778,0.684,2.33E-299,pasi2
FBgn0001248,6.71E-300,-0.956430123,0.892,0.902,1.34E-296,Idh
FBgn0085443,9.56E-300,0.592438599,0.846,0.71,1.91E-296,spri
FBgn0264785,7.16E-299,0.456637511,0.853,0.767,1.43E-295,Hph
FBgn0038720,1.04E-298,0.627985728,0.843,0.732,2.07E-295,CG6231
FBgn0260746,2.49E-296,0.526131636,0.847,0.793,4.97E-293,Ect3
FBgn0035715,1.79E-294,0.663166033,0.915,0.822,3.59E-291,CG10103
FBgn0259711,1.07E-292,0.502148257,0.743,0.717,2.15E-289,CG42365
FBgn0025683,3.22E-290,-0.996156661,0.776,0.906,6.44E-287,CG3164
FBgn0027594,5.41E-290,-0.845917008,0.72,0.812,1.08E-286,drpr
FBgn0264489,1.26E-289,0.380985095,0.806,0.587,2.53E-286,CG43897
FBgn0259483,2.22E-289,0.537015196,0.881,0.717,4.43E-286,Mob4
FBgn0001104,4.66E-287,0.732216947,0.952,0.868,9.33E-284,Galphai
FBgn0024227,8.32E-286,-0.778048603,0.7,0.789,1.66E-282,aurB
FBgn0031547,1.79E-285,0.686529208,0.905,0.812,3.57E-282,Sr-CIV
FBgn0025621,4.75E-284,0.580646117,0.837,0.686,9.49E-281,CG16989
FBgn0031037,3.54E-283,0.698758325,0.833,0.728,7.09E-280,CG14207
FBgn0266420,4.20E-283,-0.857944968,0.684,0.781,8.40E-280,Ote
FBgn0028983,9.54E-283,0.601813171,0.875,0.729,1.91E-279,Spn55B
FBgn0285910,1.79E-281,0.679572732,0.953,0.869,3.58E-278,NA
FBgn0030328,4.95E-281,0.702825166,0.896,0.779,9.90E-278,Amun
FBgn0032420,2.28E-280,0.389395262,0.764,0.599,4.56E-277,CG6583
FBgn0053144,2.57E-280,0.501683953,0.787,0.488,5.14E-277,CG33144
FBgn0036262,3.81E-280,-0.778755585,0.725,0.812,7.62E-277,CG6910
FBgn0086558,1.18E-279,0.752072054,0.983,0.941,2.35E-276,Ubi-p5E
FBgn0030241,1.53E-279,-0.80088192,0.588,0.748,3.06E-276,feo
FBgn0033212,2.55E-278,0.613816689,0.871,0.777,5.09E-275,LRR
FBgn0004378,1.41E-277,-0.738878959,0.696,0.731,2.82E-274,Klp61F
FBgn0038053,7.95E-277,-0.66580078,0.653,0.82,1.59E-273,CG18549
FBgn0032935,6.06E-276,0.426359242,0.786,0.595,1.21E-272,Atg18b
FBgn0031030,5.42E-275,0.695831949,0.856,0.688,1.08E-271,Tao
FBgn0020416,1.31E-274,-0.979336351,0.807,0.912,2.63E-271,Idgf1
FBgn0029737,5.05E-271,0.637694655,0.893,0.814,1.01E-267,CG6903
FBgn0023129,1.85E-270,0.419858832,0.818,0.698,3.69E-267,aay
FBgn0041710,1.09E-269,0.693404241,0.964,0.904,2.17E-266,yellow-f
FBgn0035425,1.22E-269,0.654380735,0.912,0.831,2.45E-266,CG17746
FBgn0014163,8.64E-269,-0.977532725,0.879,0.962,1.73E-265,fax
FBgn0264491,4.65E-266,0.659299781,0.9,0.732,9.30E-263,how
FBgn0086356,1.67E-265,-0.640454272,0.742,0.746,3.34E-262,tum
FBgn0029996,6.39E-265,0.674773932,0.883,0.748,1.28E-261,UbcE2H
FBgn0039045,2.02E-262,0.533562612,0.822,0.717,4.04E-259,CG17119
FBgn0032208,3.84E-262,0.602685569,0.854,0.724,7.68E-259,CG5604
FBgn0036857,5.10E-262,-0.479389224,0.725,0.608,1.02E-258,CG9629
FBgn0000064,1.56E-261,0.729937514,0.959,0.878,3.12E-258,Ald
FBgn0259734,4.26E-261,0.389025622,0.76,0.615,8.51E-258,Nost
FBgn0039226,2.23E-258,0.438712404,0.697,0.537,4.46E-255,Ude
FBgn0003124,4.94E-258,-0.702713865,0.662,0.736,9.87E-255,polo
FBgn0000147,5.30E-258,-0.409689099,0.545,0.795,1.06E-254,aurA
FBgn0036299,3.66E-255,0.395311562,0.752,0.568,7.32E-252,Tsf2
FBgn0265487,5.46E-254,0.588976807,0.806,0.553,1.09E-250,mbl
FBgn0011705,6.31E-254,-0.658285194,0.635,0.782,1.26E-250,rost
FBgn0016917,1.95E-252,-0.707876032,0.782,0.732,3.90E-249,Stat92E
FBgn0284249,2.25E-252,0.534173829,0.845,0.741,4.49E-249,Adf1
FBgn0050344,5.02E-252,-0.827545172,0.754,0.809,1.00E-248,CG30344
FBgn0000719,6.38E-252,-0.600151298,0.681,0.723,1.28E-248,fog
FBgn0036643,8.29E-251,0.564713091,0.861,0.804,1.66E-247,Syx8
FBgn0004381,1.61E-249,0.419910402,0.78,0.722,3.21E-246,Klp68D
FBgn0030529,4.26E-249,0.617623692,0.959,0.858,8.52E-246,Clic
FBgn0002868,1.29E-248,0.890371844,0.967,0.946,2.59E-245,MtnA
FBgn0031012,1.83E-247,0.511294354,0.773,0.642,3.66E-244,CG8051
FBgn0040942,8.58E-247,-0.453915572,0.752,0.835,1.72E-243,CG12643
FBgn0052521,1.86E-245,0.394007806,0.801,0.628,3.72E-242,CG32521
FBgn0036518,2.11E-245,0.635766465,0.956,0.909,4.22E-242,RhoGAP71E
FBgn0002924,3.56E-244,-0.610978166,0.745,0.785,7.13E-241,ncd
FBgn0027558,1.72E-243,0.43625075,0.841,0.764,3.44E-240,pgant3
FBgn0026570,2.01E-243,0.396234852,0.813,0.772,4.02E-240,CG5704
FBgn0267001,4.01E-243,0.528806903,0.796,0.783,8.02E-240,Ten-a
FBgn0038842,9.13E-243,0.696207321,0.975,0.924,1.83E-239,hdly
FBgn0028663,2.08E-242,0.644859797,0.99,0.946,4.16E-239,VhaM9.7-b
FBgn0050456,5.52E-239,-0.530223922,0.766,0.729,1.10E-235,CG30456
FBgn0031913,1.73E-238,-0.701172262,0.767,0.838,3.46E-235,CG5958
FBgn0017581,2.22E-236,0.702827212,0.971,0.923,4.44E-233,Lk6
FBgn0036309,7.01E-236,0.5396118,0.828,0.741,1.40E-232,Hip1
FBgn0085478,1.28E-234,0.6267217,0.892,0.766,2.57E-231,CG34449
FBgn0039466,1.45E-234,0.425157371,0.747,0.719,2.89E-231,CG5521
FBgn0261549,2.98E-234,0.431997392,0.646,0.564,5.96E-231,rdgA
FBgn0027929,1.67E-233,-0.53422764,0.72,0.66,3.33E-230,NimB1
FBgn0050090,1.82E-233,0.587023013,0.877,0.801,3.63E-230,CG30090
FBgn0002733,3.74E-233,-0.578789676,0.735,0.725,7.47E-230,E(spl)mbeta-HLH
FBgn0051313,3.69E-232,0.581564091,0.725,0.582,7.37E-229,CG31313
FBgn0040007,6.30E-232,-0.610011015,0.999,1,1.26E-228,RpL38
FBgn0266521,7.26E-232,0.695651306,0.852,0.83,1.45E-228,stai
FBgn0004379,8.61E-232,-0.55436095,0.74,0.805,1.72E-228,Klp67A
FBgn0014469,9.38E-231,-0.674926589,0.831,0.885,1.88E-227,Cyp4e2
FBgn0031470,1.11E-230,0.449373367,0.868,0.844,2.21E-227,CG18557
FBgn0035285,1.34E-230,0.533418396,0.835,0.746,2.68E-227,CG12025
FBgn0260991,2.47E-230,-0.609053744,0.723,0.708,4.94E-227,Incenp
FBgn0036824,2.88E-230,-0.562618813,0.661,0.734,5.77E-227,CG3902
FBgn0010905,1.57E-228,-0.490564873,0.614,0.822,3.14E-225,Spn
FBgn0035236,4.54E-228,0.62305527,0.947,0.874,9.08E-225,CG12004
FBgn0032956,9.09E-228,0.536603948,0.86,0.675,1.82E-224,Cul2
FBgn0037315,1.11E-227,0.507156514,0.809,0.739,2.22E-224,Cerk
FBgn0023407,1.15E-227,0.528817889,0.819,0.752,2.30E-224,B4
FBgn0020257,1.30E-227,-0.560344958,0.651,0.799,2.60E-224,Ppa
FBgn0038974,2.36E-227,-0.575755616,0.709,0.826,4.73E-224,CG5377
FBgn0028671,6.02E-227,0.56589359,0.916,0.854,1.20E-223,Vha100-1
FBgn0266569,9.44E-226,-0.959091673,0.85,0.896,1.89E-222,CG42259
FBgn0035888,1.09E-224,-0.588327661,0.729,0.788,2.19E-221,CG7120
FBgn0266376,1.50E-224,-0.557550108,0.627,0.574,2.99E-221,CR45018
FBgn0010314,2.49E-224,-0.521062655,0.721,0.779,4.98E-221,Cks30A
FBgn0041585,6.57E-224,0.612000121,0.917,0.85,1.31E-220,olf186-F
FBgn0004584,9.69E-224,-0.647772199,0.731,0.792,1.94E-220,Rrp1
FBgn0015221,1.35E-223,-0.876440378,0.932,0.96,2.69E-220,Fer2LCH
FBgn0031973,3.95E-223,-0.556327872,0.754,0.817,7.89E-220,Spn28Dc
FBgn0032105,2.75E-221,-0.650063425,0.766,0.785,5.50E-218,borr
FBgn0040212,6.46E-220,0.433273156,0.805,0.758,1.29E-216,Dhap-at
FBgn0030994,8.10E-220,-0.658056682,0.756,0.787,1.62E-216,HP1D3csd
FBgn0035049,8.39E-220,0.873835899,0.812,0.771,1.68E-216,Mmp1
FBgn0001308,3.35E-218,0.545195345,0.886,0.732,6.71E-215,Khc
FBgn0264437,7.13E-218,-0.662907528,0.657,0.792,1.43E-214,CR43855
FBgn0012034,8.60E-218,0.553613807,0.843,0.719,1.72E-214,AcCoAS
FBgn0030955,1.70E-216,0.599625247,0.997,0.982,3.40E-213,CG6891
FBgn0038037,1.72E-216,0.586421071,0.919,0.859,3.45E-213,Cyp9f2
FBgn0250906,1.61E-215,0.567384738,0.912,0.818,3.21E-212,Pgk
FBgn0051637,1.02E-213,-0.687139084,0.67,0.759,2.04E-210,CG31637
FBgn0015399,2.20E-213,-0.538748966,0.721,0.695,4.41E-210,kek1
FBgn0033725,4.55E-213,-0.798824819,0.566,0.592,9.10E-210,Cpr49Ac
FBgn0027783,1.12E-211,-0.468636151,0.517,0.741,2.25E-208,SMC2
FBgn0029118,1.25E-211,-0.590429323,0.662,0.762,2.50E-208,Sucb
FBgn0035237,3.58E-211,0.367841968,0.729,0.709,7.17E-208,CG13917
FBgn0030326,4.51E-211,-0.519410328,0.805,0.735,9.01E-208,CG2444
FBgn0010768,3.57E-210,0.394083151,0.757,0.735,7.15E-207,sqz
FBgn0031143,4.42E-209,0.586293427,0.933,0.867,8.85E-206,CG1532
FBgn0031637,2.32E-208,0.526330693,0.871,0.804,4.64E-205,mxt
FBgn0034736,7.84E-207,-0.430903265,0.718,0.617,1.57E-203,gas
FBgn0039487,9.95E-207,-0.635675182,0.749,0.732,1.99E-203,gb
FBgn0004380,1.26E-206,0.391663202,0.799,0.755,2.53E-203,Klp64D
FBgn0033081,1.40E-206,-0.664487539,0.758,0.77,2.81E-203,geminin
FBgn0031878,2.04E-206,-0.474093927,0.655,0.785,4.08E-203,sip2
FBgn0267390,4.19E-206,0.460470963,0.805,0.675,8.37E-203,dop
FBgn0033544,4.68E-206,0.493065046,0.825,0.664,9.37E-203,CG7220
FBgn0015396,3.03E-205,-0.524903511,0.652,0.736,6.05E-202,jumu
FBgn0001233,4.28E-205,-0.603352278,0.915,0.889,8.56E-202,Hsp83
FBgn0011747,1.28E-204,0.572391107,0.929,0.817,2.56E-201,Ank
FBgn0050148,1.43E-204,0.508755424,0.714,0.532,2.86E-201,CG30148
FBgn0040091,4.48E-203,-0.634390525,0.629,0.723,8.96E-200,Ugt58Fa
FBgn0032906,7.93E-203,-0.535919233,0.619,0.738,1.59E-199,RPA2
FBgn0053465,1.33E-201,-0.416532219,0.406,0.655,2.66E-198,CG33465
FBgn0039928,2.53E-201,0.514878586,0.825,0.624,5.07E-198,Cals
FBgn0001296,4.65E-201,-0.407436827,0.686,0.581,9.31E-198,kar
FBgn0035209,9.37E-201,-0.493519827,0.769,0.725,1.87E-197,msd1
FBgn0002873,9.80E-201,-0.611855509,0.631,0.683,1.96E-197,mud
FBgn0039132,1.25E-200,0.512884619,0.849,0.706,2.51E-197,AP-1sigma
FBgn0005655,1.45E-200,-0.737640788,0.741,0.8,2.89E-197,PCNA
FBgn0024320,1.64E-200,-0.658613468,0.798,0.865,3.29E-197,Npc1a
FBgn0040382,2.44E-200,-0.492751273,0.685,0.802,4.87E-197,CG5273
FBgn0262794,1.23E-198,-0.696347208,0.745,0.818,2.47E-195,CG43175
FBgn0033996,1.57E-198,0.442507922,0.802,0.655,3.13E-195,CG11807
FBgn0261444,2.24E-197,-0.709462214,0.675,0.786,4.48E-194,CG3638
FBgn0263289,1.08E-196,0.495198122,0.796,0.666,2.16E-193,scrib
FBgn0016081,1.67E-196,0.474520845,0.777,0.704,3.34E-193,fry
FBgn0000547,6.75E-196,0.44574917,0.799,0.515,1.35E-192,ed
FBgn0034091,8.85E-196,0.552882904,0.835,0.702,1.77E-192,mrj
FBgn0261862,2.45E-195,-0.546810037,0.67,0.803,4.89E-192,whd
FBgn0010300,8.56E-194,-0.515224104,0.654,0.633,1.71E-190,brat
FBgn0004106,8.68E-194,-0.481361624,0.736,0.78,1.74E-190,Cdk1
FBgn0051158,9.20E-194,0.483655362,0.826,0.68,1.84E-190,Efa6
FBgn0031738,1.41E-193,-0.571779502,0.716,0.709,2.83E-190,CG9171
FBgn0030052,3.36E-193,0.497478907,0.998,0.979,6.72E-190,CG12065
FBgn0032946,8.31E-193,-0.428323792,0.522,0.731,1.66E-189,nrv3
FBgn0022787,2.27E-192,0.488332743,0.808,0.788,4.53E-189,Hel89B
FBgn0037705,2.31E-192,0.524506531,0.831,0.631,4.63E-189,mura
FBgn0033928,6.03E-190,0.447179803,0.886,0.806,1.21E-186,Arc2
FBgn0004908,8.86E-190,0.399302036,0.845,0.775,1.77E-186,Arl2
FBgn0029969,1.78E-189,-0.633924867,0.72,0.788,3.57E-186,CG10932
FBgn0035083,2.65E-188,-0.381552718,0.757,0.766,5.29E-185,Tina-1
FBgn0039613,6.69E-188,-0.409778587,0.668,0.782,1.34E-184,CG14527
FBgn0033373,7.59E-188,-0.668330982,0.769,0.78,1.52E-184,CG8080
FBgn0266000,1.22E-187,0.587690536,0.86,0.7,2.43E-184,CG44774
FBgn0002466,3.15E-187,-0.423998991,0.755,0.695,6.30E-184,sti
FBgn0011666,8.14E-187,0.549106013,0.948,0.861,1.63E-183,msi
FBgn0032864,1.02E-186,-0.658998524,0.812,0.808,2.04E-183,CG2493
FBgn0283666,1.44E-186,0.49696979,0.84,0.733,2.89E-183,Rap2l
FBgn0003076,4.86E-186,0.373703638,0.824,0.784,9.72E-183,Pgm
FBgn0261445,1.53E-185,-0.503968905,0.757,0.809,3.07E-182,sgl
FBgn0039505,2.01E-185,0.477311262,0.872,0.75,4.02E-182,CG5934
FBgn0003502,2.45E-185,-0.425941652,0.637,0.598,4.90E-182,Btk29A
FBgn0037094,1.37E-184,0.509063571,0.842,0.744,2.75E-181,CG7611
FBgn0285992,1.59E-184,0.466689388,0.813,0.619,3.18E-181,NA
FBgn0011606,4.36E-184,-0.430247226,0.556,0.739,8.72E-181,Klp3A
FBgn0026090,9.56E-184,0.501787363,0.878,0.819,1.91E-180,CG14812
FBgn0037354,3.32E-183,-0.519272191,0.729,0.811,6.63E-180,CG12171
FBgn0051710,4.77E-183,0.43677544,0.835,0.728,9.54E-180,CG31710
FBgn0035444,4.94E-183,0.480973965,0.865,0.755,9.89E-180,CG12012
FBgn0031566,5.28E-182,0.493679767,0.811,0.675,1.06E-178,CG2818
FBgn0050414,6.36E-182,-0.503656291,0.634,0.695,1.27E-178,CG30414
FBgn0020633,1.50E-181,-0.466028474,0.741,0.699,3.00E-178,Mcm7
FBgn0010786,2.71E-181,-0.546321275,0.566,0.749,5.42E-178,l(3)02640
FBgn0028480,1.00E-180,0.482009418,0.851,0.782,2.00E-177,CG17841
FBgn0034970,1.60E-180,0.51885005,0.887,0.811,3.20E-177,yki
FBgn0086532,4.77E-180,0.524395431,0.94,0.874,9.55E-177,Spt-I
FBgn0013759,9.29E-180,0.411662757,0.765,0.66,1.86E-176,CASK
FBgn0061198,1.54E-179,0.482894834,0.957,0.906,3.08E-176,HSPC300
FBgn0010441,7.81E-179,0.422716242,0.857,0.789,1.56E-175,pll
FBgn0031824,3.25E-178,-0.456259636,0.737,0.759,6.49E-175,CG9547
FBgn0284220,1.15E-177,-0.543207051,0.758,0.699,2.29E-174,Top2
FBgn0024920,1.60E-177,-0.469589618,0.738,0.784,3.21E-174,Ts
FBgn0034194,3.89E-176,-0.531928236,0.742,0.73,7.79E-173,CG15611
FBgn0016126,5.31E-176,0.456248639,0.81,0.766,1.06E-172,CaMKI
FBgn0034915,6.09E-175,-0.538245779,0.581,0.721,1.22E-171,eIF6
FBgn0045073,7.17E-174,0.485892067,0.921,0.881,1.43E-170,Stim
FBgn0038516,2.76E-173,0.478618804,0.772,0.724,5.52E-170,P5cr-2
FBgn0029148,1.31E-169,-0.477421957,0.705,0.716,2.61E-166,NHP2
FBgn0034501,1.38E-169,0.513680463,0.833,0.733,2.75E-166,CG13868
FBgn0010350,2.38E-169,0.417666364,0.821,0.697,4.76E-166,CdsA
FBgn0259175,1.26E-168,0.384536812,0.757,0.641,2.53E-165,ome
FBgn0033551,1.38E-168,0.403405784,0.813,0.673,2.75E-165,CG7222
FBgn0001086,2.24E-168,-0.476522483,0.669,0.721,4.49E-165,fzy
FBgn0013718,5.52E-168,0.490587052,0.876,0.814,1.10E-164,nuf
FBgn0261802,6.16E-168,-0.525896932,0.696,0.815,1.23E-164,CG42748
FBgn0016059,1.81E-167,0.55887791,0.891,0.873,3.62E-164,Sema1b
FBgn0032421,3.88E-167,0.447599478,0.85,0.814,7.75E-164,crok
FBgn0020386,9.37E-167,-0.55441594,0.541,0.722,1.87E-163,Pdk1
FBgn0032253,1.15E-166,-0.362662362,0.751,0.655,2.31E-163,LManI
FBgn0011703,2.44E-166,-0.476001797,0.693,0.702,4.89E-163,RnrL
FBgn0040837,3.74E-164,-0.406082538,0.731,0.599,7.48E-161,CG8620
FBgn0025814,1.23E-162,-0.530175827,0.784,0.85,2.47E-159,Mgstl
FBgn0025815,2.36E-162,-0.36898446,0.764,0.651,4.72E-159,Mcm6
FBgn0039250,2.62E-161,-0.461283761,0.615,0.698,5.24E-158,Mink
FBgn0062440,6.88E-161,0.426119222,0.867,0.811,1.38E-157,CG17680
FBgn0032050,2.02E-160,-0.538429017,0.538,0.659,4.04E-157,CG13096
FBgn0013770,1.37E-158,-0.655213312,0.991,0.995,2.73E-155,Cp1
FBgn0266421,7.04E-158,-0.576727508,0.777,0.806,1.41E-154,RPA3
FBgn0033987,1.08E-157,-0.44747192,0.713,0.688,2.16E-154,ckn
FBgn0001224,2.79E-157,-0.585211191,0.793,0.82,5.59E-154,Hsp23
FBgn0035589,8.00E-156,0.372631518,0.85,0.826,1.60E-152,CHMP2B
FBgn0032919,8.69E-156,-0.41803327,0.719,0.626,1.74E-152,CG9253
FBgn0036728,1.79E-155,-0.676825653,0.933,0.941,3.57E-152,UQCR-Q
FBgn0000405,2.12E-155,-0.470945852,0.571,0.676,4.24E-152,CycB
FBgn0032147,6.54E-154,-0.430570142,0.704,0.742,1.31E-150,IP3K1
FBgn0033978,1.78E-153,-0.451980996,0.712,0.712,3.57E-150,Cyp6a23
FBgn0028424,3.54E-153,0.404240754,0.853,0.838,7.08E-150,JhI-26
FBgn0029823,8.95E-153,-0.428158466,0.69,0.657,1.79E-149,CG3011
FBgn0040232,1.06E-151,-0.392426373,0.702,0.736,2.11E-148,cmet
FBgn0034248,1.50E-151,0.451934764,0.887,0.752,3.00E-148,CG14483
FBgn0039419,4.35E-151,-0.421449638,0.538,0.597,8.70E-148,CG12290
FBgn0025335,2.24E-150,0.434403536,0.877,0.797,4.47E-147,CG4585
FBgn0034399,4.43E-150,-0.507623764,0.639,0.779,8.86E-147,CG15083
FBgn0267698,5.43E-150,0.419045363,0.765,0.664,1.09E-146,Pak
FBgn0027601,1.22E-149,-0.523740557,0.732,0.811,2.43E-146,pdgy
FBgn0011692,2.95E-149,-0.392718166,0.455,0.63,5.90E-146,pav
FBgn0261108,8.05E-149,0.431506307,0.827,0.739,1.61E-145,Atg13
FBgn0002542,1.20E-147,-0.535998572,0.636,0.708,2.41E-144,lds
FBgn0015801,1.61E-147,0.476569605,0.859,0.757,3.22E-144,Reg-5
FBgn0263260,3.18E-147,-0.51675355,0.646,0.744,6.35E-144,sel
FBgn0033244,3.19E-147,0.405372233,0.833,0.756,6.39E-144,CG8726
FBgn0015222,5.10E-146,-0.698037329,0.937,0.962,1.02E-142,Fer1HCH
FBgn0032848,1.90E-144,-0.368075824,0.691,0.739,3.80E-141,nesd
FBgn0011704,3.96E-144,-0.410506688,0.807,0.757,7.92E-141,RnrS
FBgn0022774,2.54E-143,-0.551911275,0.728,0.781,5.09E-140,Oat
FBgn0038353,4.10E-143,-0.599731814,0.654,0.726,8.20E-140,CG5399
FBgn0263039,4.78E-143,-0.553491331,0.542,0.659,9.57E-140,CR43334
FBgn0286198,1.30E-141,-0.555997075,0.623,0.692,2.59E-138,NA
FBgn0001168,2.21E-139,-0.632129771,0.627,0.741,4.43E-136,h
FBgn0250785,5.59E-139,0.432596713,0.901,0.811,1.12E-135,vari
FBgn0037231,8.15E-139,0.376750159,0.873,0.788,1.63E-135,Vps24
FBgn0033051,2.51E-137,0.364233742,0.836,0.795,5.02E-134,Strica
FBgn0266696,4.31E-136,-0.508559784,0.736,0.715,8.62E-133,CG45186
FBgn0011837,3.79E-134,-0.57291065,0.91,0.915,7.58E-131,Tis11
FBgn0261560,5.05E-134,0.409354673,0.854,0.829,1.01E-130,Thor
FBgn0029608,5.40E-133,-0.407393007,0.729,0.821,1.08E-129,CG3091
FBgn0038149,1.90E-131,0.414435569,0.803,0.822,3.81E-128,GILT1
FBgn0033121,2.25E-131,0.362967952,0.801,0.746,4.50E-128,Cyp6u1
FBgn0040907,6.30E-131,-0.581497986,0.822,0.872,1.26E-127,mRpL33
FBgn0010387,3.03E-130,0.409491428,0.833,0.867,6.07E-127,Dbi
FBgn0030876,3.90E-129,0.425766978,0.794,0.765,7.79E-126,CG6762
FBgn0041094,1.18E-128,-0.570485794,0.706,0.729,2.35E-125,scyl
FBgn0030520,9.19E-127,-0.610514756,0.813,0.837,1.84E-123,Pdcd4
FBgn0259876,1.28E-125,-0.419554354,0.621,0.719,2.56E-122,Cap-G
FBgn0036101,3.37E-125,-0.476952938,0.757,0.829,6.75E-122,NijA
FBgn0031049,6.04E-125,-0.568791246,0.86,0.853,1.21E-121,Sec61gamma
FBgn0058469,1.30E-124,0.464705428,0.987,0.965,2.59E-121,CR40469
FBgn0015371,2.78E-124,-0.383605648,0.559,0.689,5.56E-121,chn
FBgn0040099,8.24E-124,-0.70113322,0.943,0.969,1.65E-120,lectin-28C
FBgn0263200,2.22E-123,-0.404143117,0.617,0.657,4.45E-120,Galt
FBgn0039737,9.79E-123,-0.380561396,0.651,0.783,1.96E-119,CG7920
FBgn0050046,6.24E-122,-0.456089715,0.617,0.646,1.25E-118,CG30046
FBgn0036816,6.97E-121,0.415698576,0.828,0.7,1.39E-117,Indy
FBgn0051219,7.65E-121,-0.502462243,0.748,0.813,1.53E-117,CG31219
FBgn0010039,2.14E-119,0.492672191,0.908,0.852,4.27E-116,GstD3
FBgn0039969,2.40E-118,0.409951856,0.924,0.875,4.80E-115,Fis1
FBgn0034221,2.75E-118,-0.584755367,0.877,0.818,5.49E-115,CG10764
FBgn0037536,9.71E-117,0.369581563,0.823,0.729,1.94E-113,CG2698
FBgn0038320,1.59E-116,0.375131841,0.873,0.797,3.17E-113,Sra-1
FBgn0270926,1.35E-115,-0.402924099,0.683,0.715,2.69E-112,AsnS
FBgn0035868,9.15E-115,-0.368335516,0.637,0.69,1.83E-111,CG7194
FBgn0010173,2.52E-112,-0.447517808,0.729,0.754,5.05E-109,RpA-70
FBgn0031069,3.18E-112,-0.483843659,0.764,0.832,6.35E-109,Pmp70
FBgn0039886,5.88E-111,-0.449212608,0.719,0.71,1.18E-107,CG2003
FBgn0034245,1.08E-110,-0.55131782,0.924,0.911,2.16E-107,UQCR-6.4
FBgn0010379,1.36E-110,0.371748273,0.783,0.723,2.73E-107,Akt1
FBgn0036043,1.27E-109,0.429618584,0.895,0.834,2.54E-106,CG8177
FBgn0041180,1.36E-109,0.395302583,0.954,0.916,2.72E-106,Tep4
FBgn0031663,9.62E-109,-0.417881951,0.696,0.704,1.92E-105,CG8891
FBgn0037989,9.60E-106,-0.460389703,0.594,0.643,1.92E-102,ATP8B
FBgn0029937,5.03E-105,0.364892543,0.869,0.818,1.01E-101,CG8300
FBgn0031055,6.33E-100,-0.39051675,0.639,0.774,1.27E-96,et
FBgn0030943,2.58E-98,-0.402493697,0.695,0.705,5.16E-95,CG6540
FBgn0000261,3.05E-98,-0.506144263,0.782,0.801,6.11E-95,Cat
FBgn0036147,1.31E-97,-0.601283636,0.932,0.946,2.62E-94,Plod
FBgn0034142,1.00E-96,-0.363499365,0.796,0.808,2.00E-93,CG8306
FBgn0020513,7.21E-93,-0.484279115,0.714,0.751,1.44E-89,ade5
FBgn0021979,2.15E-91,-0.407298287,0.697,0.795,4.29E-88,l(2)k09913
FBgn0040064,4.76E-90,-0.494357117,0.797,0.859,9.52E-87,yip2
FBgn0019661,6.56E-89,-0.742179236,0.892,0.911,1.31E-85,roX1
FBgn0036144,3.70E-87,-0.467429146,0.845,0.848,7.40E-84,GlcAT-P
FBgn0012037,3.77E-83,-0.479924615,0.905,0.928,7.53E-80,Ance
FBgn0052267,8.96E-80,-0.37371134,0.658,0.727,1.79E-76,CG32267
FBgn0014865,1.51E-73,-0.422011701,0.809,0.856,3.02E-70,Mtk
FBgn0027280,1.80E-73,-0.365557979,0.69,0.812,3.60E-70,l(1)G0193
FBgn0010113,2.42E-72,-0.433705137,0.884,0.88,4.83E-69,hdc
FBgn0085468,1.38E-57,-0.428002707,0.868,0.9,2.76E-54,ND-MWFE
FBgn0043841,1.95E-54,-0.446749603,0.917,0.912,3.89E-51,vir-1
FBgn0015031,2.84E-54,-0.446304621,0.959,0.956,5.69E-51,cype
FBgn0045852,2.03E-53,-0.392085585,0.725,0.788,4.05E-50,ham
FBgn0051523,5.99E-40,-0.362585685,0.799,0.84,1.20E-36,CG31523
FBgn0265140,1.80E-29,-0.369578108,0.971,0.968,3.61E-26,Meltrin
FBgn0283437,2.57E-28,-0.443681621,0.951,0.903,5.15E-25,PPO1
FBgn0042106,5.31E-25,-0.428485755,0.87,0.867,1.06E-21,CG18754
